{ 
  "Max Number Of Particles": 100,
  "Delay": 2.0,
  "Duration": 0.5,
  "Spawn Rate": 30.0,
  "Lifetime": 2.0,
  "Speed": 200.0,
  "Start Color R": 1.0,
  "Start Color G": 1.0,
  "Start Color B": 1.0,
  "Start Color A": 1.0,
  "End Color R": 0.25,
  "End Color G": 0.25,
  "End Color B": 0.25,
  "End Color A": 0.0,
  "Start Size": 50,
  "End Size": 100.0,
  "Offset Position X": 0.0,
  "Offset Position Y": 2.0,
  "Offset Position Z": 0.0,
  "Start Direction X": 0.0,
  "Start Direction Y": 1.0,
  "Start Direction Z": 0.0,
  "End Direction X": 0.0,
  "End Direction Y": 1.0,
  "End Direction Z": 0.0,
  "Lifetime Lower Bound": -0.5,
  "Lifetime Upper Bound": 0.5,
  "Speed Lower Bound": -1.0,
  "Speed Upper Bound": 1.0,
  "Direction Lower Bound X": -1.0,
  "Direction Lower Bound Y": 0.0,
  "Direction Lower Bound Z": 0.0,
  "Direction Upper Bound X": 1.0,
  "Direction Upper Bound Y": 0.0,
  "Direction Upper Bound Z": 0.0,
  "Texture Path": "Assets/3D/VFX/VFXFogWAlpha2.dds"
}