{
  "Scroll Speed 1 X": 0.32,
  "Scroll Speed 1 Y": 0.2,
  "Scroll Speed 2 X": 0.0,
  "Scroll Speed 2 Y": -0.5,
  "Scroll Speed 3 X": -0.31,
  "Scroll Speed 3 Y": 0.0,
  "Scroll Speed 4 X": 0.0,
  "Scroll Speed 4 Y": 0.0,
  "Scroll Speed 5 X": 0.0,
  "Scroll Speed 5 Y": 0.0,
  "UV Scale 1": 0.5,
  "UV Scale 2": 0.3,
  "UV Scale 3": 0.7,
  "UV Scale 4": 1.0,
  "UV Scale 5": 1.0,
  "Glow Color R": 1.0,
  "Glow Color G": 1.0,
  "Glow Color B": 1.0,
  "Glow Width": 0.1,
  "Mask Width": 256.0,
  "Vertical Direction Of Change": false,
  "Pixel Shader Path": "Shaders/SpriteVFXTextureBlendingPixelShader.cso",
  "Texture 1": "Assets/3D/VFX/Fog_texture3.dds",
  "Texture 2": "Assets/3D/VFX/test_smoke.dds",
  "Texture 3": "Assets/3D/VFX/VFXCloud.dds",
  "Texture Mask": "Assets/3D/UI/Ingame/UI_IN_ExpBarBase.dds",
  "Texture Mask 2": "Assets/3D/UI/Ingame/UI_IN_ExpBarBase.dds",
  "Texture Overlay": "Assets/3D/UI/Ingame/UI_IN_ExpBarFrame.dds"

}