{
  "Scroll Speed 1 X": -0.3,
  "Scroll Speed 1 Y": 1.5,
  "Scroll Speed 2 X": 0,
  "Scroll Speed 2 Y": 0,
  "Scroll Speed 3 X": 0,
  "Scroll Speed 3 Y": 0.0,
  "Scroll Speed 4 X": 0.0,
  "Scroll Speed 4 Y": 0.0,
  "UV Scale 1": 1,
  "UV Scale 2": 0,
  "UV Scale 3": 0.7,
  "UV Scale 4": 1.0,
  "Opacity Strength": 0.21,
  "Texture 1": "Assets/3D/VFX/VFXFogWAlpha2.dds",
  "Texture 2": "Assets/3D/VFX/Test_flames.dds",
  "Texture 3": "Assets/3D/VFX/VFXCloud.dds",
  "Texture Mask": "Assets/3D/VFX/VFXFogWAlpha2.dds",
  "Mesh Path": "Assets/3D/VFX/VFX_mesh_Spiral_02_19G4.fbx"
}