{
  "Buttons": [
    {
      "Text": "Play",
      "FontAndFontSize": "Text/baskerville16",
      "Text Color R": 0.0,
      "Text Color G": 1.0,
      "Text Color B": 1.0,
      "Position X": 0.5,
      "Position Y": -0.3,
      "Pixel Width": 320.0,
      "Pixel Height": 100.0,
      "Idle Sprite Path": "Assets/3D/UI/idle_button.dds",
      "Hover Sprite Path": "Assets/3D/UI/hover_button.dds",
      "Click Sprite Path": "Assets/3D/UI/depressed_button.dds",
      "Messages": [ 6 ]
    },
    {
      "Text": "Quit",
      "FontAndFontSize": "Text/baskerville16",
      "Text Color R": 0.0,
      "Text Color G": 1.0,
      "Text Color B": 1.0,
      "Position X": 0.5,
      "Position Y": 0.3,
      "Pixel Width": 320.0,
      "Pixel Height": 100.0,
      "Idle Sprite Path": "Assets/3D/UI/idle_button.dds",
      "Hover Sprite Path": "Assets/3D/UI/hover_button.dds",
      "Click Sprite Path": "Assets/3D/UI/depressed_button.dds",
      "Messages": [ 8 ]
    }
  ],

  "Texts": [
    {
      "Text": "This is my text, hello me smort!",
      "FontAndFontSize": "Text/baskerville16",
      "Position X": 600.0,
      "Position Y": 300.0,
      "Color R": 0.0,
      "Color G": 1.0,
      "Color B": 1.0
    }
  ],

  "Animated UI Elements": [
  ],

  "Background": {
    "Path": "Assets/3D/UI/depressed_button.dds"
  },

  "Sprites": [
  ],

  "PostmasterEvents": {
    "Events": [ ]
  }
}