{
  "Max Number Of Particles": 100,
  "Spawn Rate": 2.0,
  "Lifetime": 2.0,
  "Speed": 10.0,
  "Start Color R": 2.0,
  "Start Color G": 1.0,
  "Start Color B": 1.5,
  "Start Color A": 1.0,
  "End Color R": 0.5,
  "End Color G": 0.25,
  "End Color B": 0.25,
  "End Color A": 0.0,
  "Start Size": 10,
  "End Size": 30.0,
  "Start Direction X": 0.0,
  "Start Direction Y": 5.0,
  "Start Direction Z": 0.0,
  "Start Direction W": 0.0,
  "End Direction X": 0.0,
  "End Direction Y": 1.0,
  "End Direction Z": 0.0,
  "End Direction W": 0.0,
  "Lifetime Lower Bound": -0.5,
  "Lifetime Upper Bound": 0.5,
  "Speed Lower Bound": -1.0,
  "Speed Upper Bound": 1.0,
  "Direction Lower Bound X": -1.0,
  "Direction Lower Bound Y": 0.0,
  "Direction Lower Bound Z": 0.0,
  "Direction Upper Bound X": 0.0,
  "Direction Upper Bound Y": 0.0,
  "Direction Upper Bound Z": 1.0,
  "Texture Path": "Assets/3D/VFX/VFX_texture_smallDust_01_19G4.dds"
}