{
  "Max Number Of Particles": 100,
  "Spawn Rate": 5,
  "Lifetime": 1,
  "Speed": 10.0,
  "Start Color R": 2,
  "Start Color G": 1,
  "Start Color B": 1.0,
  "Start Color A": 2.0,
  "End Color R": 1,
  "End Color G": 0,
  "End Color B": 0.0,
  "End Color A": 0.0,
  "Start Size": 20,
  "End Size": 2.0,
  "Start Direction X": 0.0,
  "Start Direction Y": 5.0,
  "Start Direction Z": 0.0,
  "Start Direction W": 0.0,
  "End Direction X": 0.0,
  "End Direction Y": 1.0,
  "End Direction Z": 0.0,
  "End Direction W": 0.0,
  "Lifetime Lower Bound": -0.5,
  "Lifetime Upper Bound": 0.5,
  "Speed Lower Bound": -1.0,
  "Speed Upper Bound": 1.0,
  "Direction Lower Bound X": 0.0,
  "Direction Lower Bound Y": 0.0,
  "Direction Lower Bound Z": 0.0,
  "Direction Upper Bound X": 0.5,
  "Direction Upper Bound Y": 0.0,
  "Direction Upper Bound Z": 0.0,
  "Texture Path": "Assets/3D/VFX/VFX_texture_Fire_01_19G4.dds"
}